"__mclCluster","name","selected","shared name","Type"
"1","1016","false","1016","SourceNode"
"1","1014","false","1014","SourceNode"
"1","1015","false","1015","SourceNode"
"1","273","false","273","SourceNode"
"8","1013","false","1013","SourceNode"
"1","271","false","271","SourceNode"
"1","272","false","272","SourceNode"
"1","270","false","270","SourceNode"
"1","1012","false","1012","SourceNode"
"1","1021","false","1021","SourceNode"
"1","279","false","279","SourceNode"
"1","280","false","280","SourceNode"
"1","278","false","278","SourceNode"
"1","1020","false","1020","SourceNode"
"1","1018","false","1018","SourceNode"
"1","1019","false","1019","SourceNode"
"1","277","false","277","SourceNode"
"1","1017","false","1017","SourceNode"
"1","275","false","275","SourceNode"
"1","276","false","276","SourceNode"
"1","1026","false","1026","SourceNode"
"1","1027","false","1027","SourceNode"
"1","285","false","285","SourceNode"
"1","1025","false","1025","SourceNode"
"1","284","false","284","SourceNode"
"1","1024","false","1024","SourceNode"
"1","1023","false","1023","SourceNode"
"1","281","false","281","SourceNode"
"1","290","false","290","SourceNode"
"1","1032","false","1032","SourceNode"
"1","1030","false","1030","SourceNode"
"1","1031","false","1031","SourceNode"
"1","289","false","289","SourceNode"
"1","1029","false","1029","SourceNode"
"1","287","false","287","SourceNode"
"1","1028","false","1028","SourceNode"
"1","994","false","994","SourceNode"
"1","995","false","995","SourceNode"
"1","252","false","252","SourceNode"
"1","993","false","993","SourceNode"
"1","250","false","250","SourceNode"
"1","251","false","251","SourceNode"
"1","249","false","249","SourceNode"
"1","990","false","990","SourceNode"
"1","991","false","991","SourceNode"
"1","248","false","248","SourceNode"
"1","1000","false","1000","SourceNode"
"1","998","false","998","SourceNode"
"1","999","false","999","SourceNode"
"1","256","false","256","SourceNode"
"15","997","false","997","SourceNode"
"1","254","false","254","SourceNode"
"1","255","false","255","SourceNode"
"1","253","false","253","SourceNode"
"1","996","false","996","SourceNode"
"1","1005","false","1005","SourceNode"
"1","263","false","263","SourceNode"
"1","264","false","264","SourceNode"
"1","262","false","262","SourceNode"
"1","1004","false","1004","SourceNode"
"1","1002","false","1002","SourceNode"
"1","1003","false","1003","SourceNode"
"1","260","false","260","SourceNode"
"1","1001","false","1001","SourceNode"
"1","258","false","258","SourceNode"
"1","259","false","259","SourceNode"
"1","1010","false","1010","SourceNode"
"1","1011","false","1011","SourceNode"
"6","269","false","269","SourceNode"
"1","1009","false","1009","SourceNode"
"1","267","false","267","SourceNode"
"1","268","false","268","SourceNode"
"2","266","false","266","SourceNode"
"1","1008","false","1008","SourceNode"
"1","1006","false","1006","SourceNode"
"1","1007","false","1007","SourceNode"
"1","265","false","265","SourceNode"
"1","1064","false","1064","SourceNode"
"1","1065","false","1065","SourceNode"
"1","318","false","318","SourceNode"
"1","1063","false","1063","SourceNode"
"1","317","false","317","SourceNode"
"3","315","false","315","SourceNode"
"1","1062","false","1062","SourceNode"
"2","1060","false","1060","SourceNode"
"1","1061","false","1061","SourceNode"
"1","314","false","314","SourceNode"
"1","323","false","323","SourceNode"
"1","1070","false","1070","SourceNode"
"1","1068","false","1068","SourceNode"
"3","1069","false","1069","SourceNode"
"5","1067","false","1067","SourceNode"
"1","320","false","320","SourceNode"
"3","321","false","321","SourceNode"
"1","319","false","319","SourceNode"
"1","1066","false","1066","SourceNode"
"1","1075","false","1075","SourceNode"
"1","328","false","328","SourceNode"
"1","329","false","329","SourceNode"
"1","327","false","327","SourceNode"
"1","1074","false","1074","SourceNode"
"1","1072","false","1072","SourceNode"
"5","1073","false","1073","SourceNode"
"1","326","false","326","SourceNode"
"1","1071","false","1071","SourceNode"
"1","324","false","324","SourceNode"
"1","1080","false","1080","SourceNode"
"1","1081","false","1081","SourceNode"
"1","1079","false","1079","SourceNode"
"1","332","false","332","SourceNode"
"1","333","false","333","SourceNode"
"1","331","false","331","SourceNode"
"1","1078","false","1078","SourceNode"
"1","1076","false","1076","SourceNode"
"1","1077","false","1077","SourceNode"
"1","1037","false","1037","SourceNode"
"1","296","false","296","SourceNode"
"1","294","false","294","SourceNode"
"1","1036","false","1036","SourceNode"
"1","1034","false","1034","SourceNode"
"1","1035","false","1035","SourceNode"
"1","293","false","293","SourceNode"
"2","1033","false","1033","SourceNode"
"1","291","false","291","SourceNode"
"1","292","false","292","SourceNode"
"1","1044","false","1044","SourceNode"
"1","1045","false","1045","SourceNode"
"1","301","false","301","SourceNode"
"1","1043","false","1043","SourceNode"
"1","298","false","298","SourceNode"
"1","1040","false","1040","SourceNode"
"1","1038","false","1038","SourceNode"
"1","1039","false","1039","SourceNode"
"1","297","false","297","SourceNode"
"1","307","false","307","SourceNode"
"2","1054","false","1054","SourceNode"
"1","1051","false","1051","SourceNode"
"1","1053","false","1053","SourceNode"
"1","1050","false","1050","SourceNode"
"1","303","false","303","SourceNode"
"1","304","false","304","SourceNode"
"1","302","false","302","SourceNode"
"8","1046","false","1046","SourceNode"
"1","1059","false","1059","SourceNode"
"1","312","false","312","SourceNode"
"1","313","false","313","SourceNode"
"1","311","false","311","SourceNode"
"1","1058","false","1058","SourceNode"
"1","1056","false","1056","SourceNode"
"2","1057","false","1057","SourceNode"
"1","310","false","310","SourceNode"
"1","1055","false","1055","SourceNode"
"1","308","false","308","SourceNode"
"1","309","false","309","SourceNode"
"1","1107","false","1107","SourceNode"
"1","362","false","362","SourceNode"
"1","363","false","363","SourceNode"
"1","361","false","361","SourceNode"
"1","1106","false","1106","SourceNode"
"1","1104","false","1104","SourceNode"
"1","1105","false","1105","SourceNode"
"1","1103","false","1103","SourceNode"
"1","358","false","358","SourceNode"
"17","359","false","359","SourceNode"
"1","1121","false","1121","SourceNode"
"1","1122","false","1122","SourceNode"
"1","368","false","368","SourceNode"
"1","1120","false","1120","SourceNode"
"1","367","false","367","SourceNode"
"1","365","false","365","SourceNode"
"1","1118","false","1118","SourceNode"
"1","1108","false","1108","SourceNode"
"1","1109","false","1109","SourceNode"
"1","364","false","364","SourceNode"
"1","1125","false","1125","SourceNode"
"1","1126","false","1126","SourceNode"
"1","372","false","372","SourceNode"
"1","1124","false","1124","SourceNode"
"1","371","false","371","SourceNode"
"1","369","false","369","SourceNode"
"1","1123","false","1123","SourceNode"
"1","1132","false","1132","SourceNode"
"1","378","false","378","SourceNode"
"2","379","false","379","SourceNode"
"1","377","false","377","SourceNode"
"1","1131","false","1131","SourceNode"
"1","1129","false","1129","SourceNode"
"1","1130","false","1130","SourceNode"
"1","376","false","376","SourceNode"
"1","1128","false","1128","SourceNode"
"1","374","false","374","SourceNode"
"1","339","false","339","SourceNode"
"1","1086","false","1086","SourceNode"
"1","1084","false","1084","SourceNode"
"1","1085","false","1085","SourceNode"
"1","338","false","338","SourceNode"
"1","1083","false","1083","SourceNode"
"1","336","false","336","SourceNode"
"1","337","false","337","SourceNode"
"1","335","false","335","SourceNode"
"2","1082","false","1082","SourceNode"
"1","1091","false","1091","SourceNode"
"1","345","false","345","SourceNode"
"16","343","false","343","SourceNode"
"1","1090","false","1090","SourceNode"
"1","1088","false","1088","SourceNode"
"1","1089","false","1089","SourceNode"
"1","342","false","342","SourceNode"
"1","1087","false","1087","SourceNode"
"1","340","false","340","SourceNode"
"1","341","false","341","SourceNode"
"1","1097","false","1097","SourceNode"
"1","1095","false","1095","SourceNode"
"1","348","false","348","SourceNode"
"1","349","false","349","SourceNode"
"1","347","false","347","SourceNode"
"2","1094","false","1094","SourceNode"
"1","1092","false","1092","SourceNode"
"2","1093","false","1093","SourceNode"
"5","357","false","357","SourceNode"
"1","1102","false","1102","SourceNode"
"1","1100","false","1100","SourceNode"
"1","1101","false","1101","SourceNode"
"1","356","false","356","SourceNode"
"1","1099","false","1099","SourceNode"
"1","353","false","353","SourceNode"
"1","354","false","354","SourceNode"
"1","352","false","352","SourceNode"
"1","1098","false","1098","SourceNode"
"1","405","false","405","SourceNode"
"1","1159","false","1159","SourceNode"
"1","1157","false","1157","SourceNode"
"1","1158","false","1158","SourceNode"
"1","404","false","404","SourceNode"
"1","1156","false","1156","SourceNode"
"2","402","false","402","SourceNode"
"1","403","false","403","SourceNode"
"1","401","false","401","SourceNode"
"1","1155","false","1155","SourceNode"
"1","1164","false","1164","SourceNode"
"1","410","false","410","SourceNode"
"1","411","false","411","SourceNode"
"1","409","false","409","SourceNode"
"1","1163","false","1163","SourceNode"
"1","1161","false","1161","SourceNode"
"1","1162","false","1162","SourceNode"
"1","408","false","408","SourceNode"
"1","1160","false","1160","SourceNode"
"1","406","false","406","SourceNode"
"1","407","false","407","SourceNode"
"1","416","false","416","SourceNode"
"1","414","false","414","SourceNode"
"1","415","false","415","SourceNode"
"1","413","false","413","SourceNode"
"1","412","false","412","SourceNode"
"1","421","false","421","SourceNode"
"1","420","false","420","SourceNode"
"1","418","false","418","SourceNode"
"1","419","false","419","SourceNode"
"1","1137","false","1137","SourceNode"
"7","1138","false","1138","SourceNode"
"1","384","false","384","SourceNode"
"1","1136","false","1136","SourceNode"
"1","382","false","382","SourceNode"
"2","383","false","383","SourceNode"
"1","1135","false","1135","SourceNode"
"1","1133","false","1133","SourceNode"
"1","1134","false","1134","SourceNode"
"1","380","false","380","SourceNode"
"1","389","false","389","SourceNode"
"1","1143","false","1143","SourceNode"
"1","1141","false","1141","SourceNode"
"1","1142","false","1142","SourceNode"
"1","388","false","388","SourceNode"
"2","1140","false","1140","SourceNode"
"1","386","false","386","SourceNode"
"17","387","false","387","SourceNode"
"1","1139","false","1139","SourceNode"
"1","1148","false","1148","SourceNode"
"1","394","false","394","SourceNode"
"1","395","false","395","SourceNode"
"1","1147","false","1147","SourceNode"
"1","1145","false","1145","SourceNode"
"11","1146","false","1146","SourceNode"
"1","392","false","392","SourceNode"
"16","1144","false","1144","SourceNode"
"1","390","false","390","SourceNode"
"1","391","false","391","SourceNode"
"1","1153","false","1153","SourceNode"
"2","1154","false","1154","SourceNode"
"1","400","false","400","SourceNode"
"1","1152","false","1152","SourceNode"
"1","398","false","398","SourceNode"
"1","399","false","399","SourceNode"
"1","397","false","397","SourceNode"
"1","1151","false","1151","SourceNode"
"1","1149","false","1149","SourceNode"
"1","1150","false","1150","SourceNode"
"10","396","false","396","SourceNode"
"1","453","false","453","SourceNode"
"1","451","false","451","SourceNode"
"1","452","false","452","SourceNode"
"1","450","false","450","SourceNode"
"1","448","false","448","SourceNode"
"1","458","false","458","SourceNode"
"1","457","false","457","SourceNode"
"1","455","false","455","SourceNode"
"1","456","false","456","SourceNode"
"1","454","false","454","SourceNode"
"1","463","false","463","SourceNode"
"1","464","false","464","SourceNode"
"1","462","false","462","SourceNode"
"1","461","false","461","SourceNode"
"1","459","false","459","SourceNode"
"1","460","false","460","SourceNode"
"1","470","false","470","SourceNode"
"1","467","false","467","SourceNode"
"1","469","false","469","SourceNode"
"1","466","false","466","SourceNode"
"1","465","false","465","SourceNode"
"1","428","false","428","SourceNode"
"2","425","false","425","SourceNode"
"1","424","false","424","SourceNode"
"1","422","false","422","SourceNode"
"1","423","false","423","SourceNode"
"2","434","false","434","SourceNode"
"3","432","false","432","SourceNode"
"1","431","false","431","SourceNode"
"3","430","false","430","SourceNode"
"1","440","false","440","SourceNode"
"1","439","false","439","SourceNode"
"1","436","false","436","SourceNode"
"1","435","false","435","SourceNode"
"1","445","false","445","SourceNode"
"1","446","false","446","SourceNode"
"1","444","false","444","SourceNode"
"1","443","false","443","SourceNode"
"1","441","false","441","SourceNode"
"1","442","false","442","SourceNode"
"1","496","false","496","SourceNode"
"1","497","false","497","SourceNode"
"1","495","false","495","SourceNode"
"1","494","false","494","SourceNode"
"1","492","false","492","SourceNode"
"1","493","false","493","SourceNode"
"1","502","false","502","SourceNode"
"1","500","false","500","SourceNode"
"1","501","false","501","SourceNode"
"1","499","false","499","SourceNode"
"1","498","false","498","SourceNode"
"1","507","false","507","SourceNode"
"1","504","false","504","SourceNode"
"1","505","false","505","SourceNode"
"1","503","false","503","SourceNode"
"1","512","false","512","SourceNode"
"1","513","false","513","SourceNode"
"1","511","false","511","SourceNode"
"1","510","false","510","SourceNode"
"1","508","false","508","SourceNode"
"2","509","false","509","SourceNode"
"1","475","false","475","SourceNode"
"1","474","false","474","SourceNode"
"1","472","false","472","SourceNode"
"1","473","false","473","SourceNode"
"1","471","false","471","SourceNode"
"1","480","false","480","SourceNode"
"1","481","false","481","SourceNode"
"1","479","false","479","SourceNode"
"1","478","false","478","SourceNode"
"1","476","false","476","SourceNode"
"1","477","false","477","SourceNode"
"1","486","false","486","SourceNode"
"1","484","false","484","SourceNode"
"1","485","false","485","SourceNode"
"1","483","false","483","SourceNode"
"1","482","false","482","SourceNode"
"1","491","false","491","SourceNode"
"1","490","false","490","SourceNode"
"1","488","false","488","SourceNode"
"1","489","false","489","SourceNode"
"1","487","false","487","SourceNode"
"1","544","false","544","SourceNode"
"1","543","false","543","SourceNode"
"5","540","false","540","SourceNode"
"1","542","false","542","SourceNode"
"1","539","false","539","SourceNode"
"1","549","false","549","SourceNode"
"1","550","false","550","SourceNode"
"1","547","false","547","SourceNode"
"1","545","false","545","SourceNode"
"1","546","false","546","SourceNode"
"1","556","false","556","SourceNode"
"1","554","false","554","SourceNode"
"1","555","false","555","SourceNode"
"1","552","false","552","SourceNode"
"1","551","false","551","SourceNode"
"1","561","false","561","SourceNode"
"1","560","false","560","SourceNode"
"1","558","false","558","SourceNode"
"1","559","false","559","SourceNode"
"1","557","false","557","SourceNode"
"1","519","false","519","SourceNode"
"1","516","false","516","SourceNode"
"1","517","false","517","SourceNode"
"1","514","false","514","SourceNode"
"1","524","false","524","SourceNode"
"1","523","false","523","SourceNode"
"1","521","false","521","SourceNode"
"1","522","false","522","SourceNode"
"1","520","false","520","SourceNode"
"1","530","false","530","SourceNode"
"1","531","false","531","SourceNode"
"1","529","false","529","SourceNode"
"1","528","false","528","SourceNode"
"1","527","false","527","SourceNode"
"1","538","false","538","SourceNode"
"1","536","false","536","SourceNode"
"1","537","false","537","SourceNode"
"1","535","false","535","SourceNode"
"1","532","false","532","SourceNode"
"1","600","false","600","SourceNode"
"1","598","false","598","SourceNode"
"1","599","false","599","SourceNode"
"1","597","false","597","SourceNode"
"1","596","false","596","SourceNode"
"1","605","false","605","SourceNode"
"1","604","false","604","SourceNode"
"1","602","false","602","SourceNode"
"1","603","false","603","SourceNode"
"1","601","false","601","SourceNode"
"1","611","false","611","SourceNode"
"1","612","false","612","SourceNode"
"1","609","false","609","SourceNode"
"1","608","false","608","SourceNode"
"1","606","false","606","SourceNode"
"1","607","false","607","SourceNode"
"1","618","false","618","SourceNode"
"1","616","false","616","SourceNode"
"1","617","false","617","SourceNode"
"1","615","false","615","SourceNode"
"1","613","false","613","SourceNode"
"1","568","false","568","SourceNode"
"1","569","false","569","SourceNode"
"1","567","false","567","SourceNode"
"1","566","false","566","SourceNode"
"1","562","false","562","SourceNode"
"1","563","false","563","SourceNode"
"1","583","false","583","SourceNode"
"1","581","false","581","SourceNode"
"3","578","false","578","SourceNode"
"1","577","false","577","SourceNode"
"2","588","false","588","SourceNode"
"14","587","false","587","SourceNode"
"1","586","false","586","SourceNode"
"1","584","false","584","SourceNode"
"1","594","false","594","SourceNode"
"1","595","false","595","SourceNode"
"1","592","false","592","SourceNode"
"1","591","false","591","SourceNode"
"1","589","false","589","SourceNode"
"1","590","false","590","SourceNode"
"1","647","false","647","SourceNode"
"1","648","false","648","SourceNode"
"1","646","false","646","SourceNode"
"1","645","false","645","SourceNode"
"1","642","false","642","SourceNode"
"1","643","false","643","SourceNode"
"1","655","false","655","SourceNode"
"1","652","false","652","SourceNode"
"1","654","false","654","SourceNode"
"1","650","false","650","SourceNode"
"1","649","false","649","SourceNode"
"7","660","false","660","SourceNode"
"1","659","false","659","SourceNode"
"1","657","false","657","SourceNode"
"1","658","false","658","SourceNode"
"1","656","false","656","SourceNode"
"1","665","false","665","SourceNode"
"1","666","false","666","SourceNode"
"1","664","false","664","SourceNode"
"1","663","false","663","SourceNode"
"1","661","false","661","SourceNode"
"1","662","false","662","SourceNode"
"1","624","false","624","SourceNode"
"1","623","false","623","SourceNode"
"1","620","false","620","SourceNode"
"1","622","false","622","SourceNode"
"1","619","false","619","SourceNode"
"1","629","false","629","SourceNode"
"1","630","false","630","SourceNode"
"1","628","false","628","SourceNode"
"6","627","false","627","SourceNode"
"1","625","false","625","SourceNode"
"1","626","false","626","SourceNode"
"1","635","false","635","SourceNode"
"1","633","false","633","SourceNode"
"1","634","false","634","SourceNode"
"2","632","false","632","SourceNode"
"1","631","false","631","SourceNode"
"2","641","false","641","SourceNode"
"1","639","false","639","SourceNode"
"1","637","false","637","SourceNode"
"1","638","false","638","SourceNode"
"1","692","false","692","SourceNode"
"1","691","false","691","SourceNode"
"1","689","false","689","SourceNode"
"1","690","false","690","SourceNode"
"1","688","false","688","SourceNode"
"1","697","false","697","SourceNode"
"1","698","false","698","SourceNode"
"1","696","false","696","SourceNode"
"1","695","false","695","SourceNode"
"1","693","false","693","SourceNode"
"1","694","false","694","SourceNode"
"1","703","false","703","SourceNode"
"1","701","false","701","SourceNode"
"1","702","false","702","SourceNode"
"1","700","false","700","SourceNode"
"1","699","false","699","SourceNode"
"1","708","false","708","SourceNode"
"1","707","false","707","SourceNode"
"1","705","false","705","SourceNode"
"1","706","false","706","SourceNode"
"1","704","false","704","SourceNode"
"1","671","false","671","SourceNode"
"1","669","false","669","SourceNode"
"1","670","false","670","SourceNode"
"1","668","false","668","SourceNode"
"1","667","false","667","SourceNode"
"1","676","false","676","SourceNode"
"1","675","false","675","SourceNode"
"1","673","false","673","SourceNode"
"1","674","false","674","SourceNode"
"1","672","false","672","SourceNode"
"1","681","false","681","SourceNode"
"1","682","false","682","SourceNode"
"1","680","false","680","SourceNode"
"1","679","false","679","SourceNode"
"1","677","false","677","SourceNode"
"1","678","false","678","SourceNode"
"1","687","false","687","SourceNode"
"1","685","false","685","SourceNode"
"1","686","false","686","SourceNode"
"2","684","false","684","SourceNode"
"1","683","false","683","SourceNode"
"1","738","false","738","SourceNode"
"1","736","false","736","SourceNode"
"1","737","false","737","SourceNode"
"1","735","false","735","SourceNode"
"1","734","false","734","SourceNode"
"1","744","false","744","SourceNode"
"1","743","false","743","SourceNode"
"1","741","false","741","SourceNode"
"1","739","false","739","SourceNode"
"1","750","false","750","SourceNode"
"1","751","false","751","SourceNode"
"1","749","false","749","SourceNode"
"1","748","false","748","SourceNode"
"1","746","false","746","SourceNode"
"1","747","false","747","SourceNode"
"1","757","false","757","SourceNode"
"9","755","false","755","SourceNode"
"1","756","false","756","SourceNode"
"1","754","false","754","SourceNode"
"1","753","false","753","SourceNode"
"1","713","false","713","SourceNode"
"1","714","false","714","SourceNode"
"1","712","false","712","SourceNode"
"1","711","false","711","SourceNode"
"1","709","false","709","SourceNode"
"1","710","false","710","SourceNode"
"1","721","false","721","SourceNode"
"1","719","false","719","SourceNode"
"1","720","false","720","SourceNode"
"1","716","false","716","SourceNode"
"1","715","false","715","SourceNode"
"1","727","false","727","SourceNode"
"1","726","false","726","SourceNode"
"1","723","false","723","SourceNode"
"1","725","false","725","SourceNode"
"1","722","false","722","SourceNode"
"1","732","false","732","SourceNode"
"1","733","false","733","SourceNode"
"1","731","false","731","SourceNode"
"1","728","false","728","SourceNode"
"1","729","false","729","SourceNode"
"1","789","false","789","SourceNode"
"1","790","false","790","SourceNode"
"1","30","false","30","SourceNode"
"1","28","false","28","SourceNode"
"1","29","false","29","SourceNode"
"1","26","false","26","SourceNode"
"1","787","false","787","SourceNode"
"1","786","false","786","SourceNode"
"1","25","false","25","SourceNode"
"1","35","false","35","SourceNode"
"1","796","false","796","SourceNode"
"1","794","false","794","SourceNode"
"13","795","false","795","SourceNode"
"1","34","false","34","SourceNode"
"1","792","false","792","SourceNode"
"1","32","false","32","SourceNode"
"1","33","false","33","SourceNode"
"1","31","false","31","SourceNode"
"1","803","false","803","SourceNode"
"1","44","false","44","SourceNode"
"1","45","false","45","SourceNode"
"1","40","false","40","SourceNode"
"1","800","false","800","SourceNode"
"1","801","false","801","SourceNode"
"1","38","false","38","SourceNode"
"1","798","false","798","SourceNode"
"1","36","false","36","SourceNode"
"1","37","false","37","SourceNode"
"1","808","false","808","SourceNode"
"1","809","false","809","SourceNode"
"1","52","false","52","SourceNode"
"1","807","false","807","SourceNode"
"1","50","false","50","SourceNode"
"1","51","false","51","SourceNode"
"1","47","false","47","SourceNode"
"1","806","false","806","SourceNode"
"1","804","false","804","SourceNode"
"1","805","false","805","SourceNode"
"1","46","false","46","SourceNode"
"1","763","false","763","SourceNode"
"1","3","false","3","SourceNode"
"1","2","false","2","SourceNode"
"1","761","false","761","SourceNode"
"1","759","false","759","SourceNode"
"1","760","false","760","SourceNode"
"1","1","false","1","SourceNode"
"1","758","false","758","SourceNode"
"15","768","false","768","SourceNode"
"1","769","false","769","SourceNode"
"1","9","false","9","SourceNode"
"1","767","false","767","SourceNode"
"14","7","false","7","SourceNode"
"1","8","false","8","SourceNode"
"1","766","false","766","SourceNode"
"1","764","false","764","SourceNode"
"1","765","false","765","SourceNode"
"1","5","false","5","SourceNode"
"4","17","false","17","SourceNode"
"1","775","false","775","SourceNode"
"1","772","false","772","SourceNode"
"1","15","false","15","SourceNode"
"1","771","false","771","SourceNode"
"1","13","false","13","SourceNode"
"1","14","false","14","SourceNode"
"1","10","false","10","SourceNode"
"1","770","false","770","SourceNode"
"1","784","false","784","SourceNode"
"1","22","false","22","SourceNode"
"1","23","false","23","SourceNode"
"3","21","false","21","SourceNode"
"4","780","false","780","SourceNode"
"1","782","false","782","SourceNode"
"1","20","false","20","SourceNode"
"1","777","false","777","SourceNode"
"9","18","false","18","SourceNode"
"1","19","false","19","SourceNode"
"1","85","false","85","SourceNode"
"1","86","false","86","SourceNode"
"1","84","false","84","SourceNode"
"1","834","false","834","SourceNode"
"1","835","false","835","SourceNode"
"1","83","false","83","SourceNode"
"12","833","false","833","SourceNode"
"1","80","false","80","SourceNode"
"1","82","false","82","SourceNode"
"1","842","false","842","SourceNode"
"1","843","false","843","SourceNode"
"1","95","false","95","SourceNode"
"1","841","false","841","SourceNode"
"1","93","false","93","SourceNode"
"1","94","false","94","SourceNode"
"1","92","false","92","SourceNode"
"1","840","false","840","SourceNode"
"4","838","false","838","SourceNode"
"1","839","false","839","SourceNode"
"1","88","false","88","SourceNode"
"1","100","false","100","SourceNode"
"1","846","false","846","SourceNode"
"1","847","false","847","SourceNode"
"1","99","false","99","SourceNode"
"1","97","false","97","SourceNode"
"1","98","false","98","SourceNode"
"1","96","false","96","SourceNode"
"1","844","false","844","SourceNode"
"1","853","false","853","SourceNode"
"1","105","false","105","SourceNode"
"1","106","false","106","SourceNode"
"1","852","false","852","SourceNode"
"1","850","false","850","SourceNode"
"1","851","false","851","SourceNode"
"1","103","false","103","SourceNode"
"1","849","false","849","SourceNode"
"1","101","false","101","SourceNode"
"1","102","false","102","SourceNode"
"1","59","false","59","SourceNode"
"1","814","false","814","SourceNode"
"1","812","false","812","SourceNode"
"1","813","false","813","SourceNode"
"1","57","false","57","SourceNode"
"1","811","false","811","SourceNode"
"1","54","false","54","SourceNode"
"1","56","false","56","SourceNode"
"1","53","false","53","SourceNode"
"1","810","false","810","SourceNode"
"1","64","false","64","SourceNode"
"1","66","false","66","SourceNode"
"1","63","false","63","SourceNode"
"1","817","false","817","SourceNode"
"1","818","false","818","SourceNode"
"1","62","false","62","SourceNode"
"9","816","false","816","SourceNode"
"1","826","false","826","SourceNode"
"1","827","false","827","SourceNode"
"1","72","false","72","SourceNode"
"1","70","false","70","SourceNode"
"1","71","false","71","SourceNode"
"1","68","false","68","SourceNode"
"1","824","false","824","SourceNode"
"1","823","false","823","SourceNode"
"1","67","false","67","SourceNode"
"1","832","false","832","SourceNode"
"1","830","false","830","SourceNode"
"1","831","false","831","SourceNode"
"1","78","false","78","SourceNode"
"1","829","false","829","SourceNode"
"2","74","false","74","SourceNode"
"1","76","false","76","SourceNode"
"13","73","false","73","SourceNode"
"1","828","false","828","SourceNode"
"1","135","false","135","SourceNode"
"1","884","false","884","SourceNode"
"1","882","false","882","SourceNode"
"1","883","false","883","SourceNode"
"1","134","false","134","SourceNode"
"3","881","false","881","SourceNode"
"1","132","false","132","SourceNode"
"1","133","false","133","SourceNode"
"1","131","false","131","SourceNode"
"1","880","false","880","SourceNode"
"1","889","false","889","SourceNode"
"1","140","false","140","SourceNode"
"1","141","false","141","SourceNode"
"1","139","false","139","SourceNode"
"1","888","false","888","SourceNode"
"1","886","false","886","SourceNode"
"1","887","false","887","SourceNode"
"1","885","false","885","SourceNode"
"1","136","false","136","SourceNode"
"1","137","false","137","SourceNode"
"1","894","false","894","SourceNode"
"1","895","false","895","SourceNode"
"1","146","false","146","SourceNode"
"1","893","false","893","SourceNode"
"1","144","false","144","SourceNode"
"1","145","false","145","SourceNode"
"1","143","false","143","SourceNode"
"1","892","false","892","SourceNode"
"1","890","false","890","SourceNode"
"1","891","false","891","SourceNode"
"1","142","false","142","SourceNode"
"1","151","false","151","SourceNode"
"1","900","false","900","SourceNode"
"1","898","false","898","SourceNode"
"1","899","false","899","SourceNode"
"1","150","false","150","SourceNode"
"1","897","false","897","SourceNode"
"1","148","false","148","SourceNode"
"1","149","false","149","SourceNode"
"1","147","false","147","SourceNode"
"1","896","false","896","SourceNode"
"1","858","false","858","SourceNode"
"1","859","false","859","SourceNode"
"1","112","false","112","SourceNode"
"1","857","false","857","SourceNode"
"1","109","false","109","SourceNode"
"1","111","false","111","SourceNode"
"1","108","false","108","SourceNode"
"1","856","false","856","SourceNode"
"1","854","false","854","SourceNode"
"1","855","false","855","SourceNode"
"1","107","false","107","SourceNode"
"1","118","false","118","SourceNode"
"1","865","false","865","SourceNode"
"1","862","false","862","SourceNode"
"1","864","false","864","SourceNode"
"1","117","false","117","SourceNode"
"1","861","false","861","SourceNode"
"1","115","false","115","SourceNode"
"1","116","false","116","SourceNode"
"1","114","false","114","SourceNode"
"1","860","false","860","SourceNode"
"1","870","false","870","SourceNode"
"1","124","false","124","SourceNode"
"1","125","false","125","SourceNode"
"1","122","false","122","SourceNode"
"1","869","false","869","SourceNode"
"1","867","false","867","SourceNode"
"1","868","false","868","SourceNode"
"1","121","false","121","SourceNode"
"4","866","false","866","SourceNode"
"1","119","false","119","SourceNode"
"1","120","false","120","SourceNode"
"1","877","false","877","SourceNode"
"1","878","false","878","SourceNode"
"1","130","false","130","SourceNode"
"1","876","false","876","SourceNode"
"1","128","false","128","SourceNode"
"1","129","false","129","SourceNode"
"1","127","false","127","SourceNode"
"1","875","false","875","SourceNode"
"2","873","false","873","SourceNode"
"1","874","false","874","SourceNode"
"1","126","false","126","SourceNode"
"1","926","false","926","SourceNode"
"1","927","false","927","SourceNode"
"1","180","false","180","SourceNode"
"1","178","false","178","SourceNode"
"1","179","false","179","SourceNode"
"1","924","false","924","SourceNode"
"1","922","false","922","SourceNode"
"1","923","false","923","SourceNode"
"1","176","false","176","SourceNode"
"1","185","false","185","SourceNode"
"1","934","false","934","SourceNode"
"1","933","false","933","SourceNode"
"1","184","false","184","SourceNode"
"1","182","false","182","SourceNode"
"1","183","false","183","SourceNode"
"1","181","false","181","SourceNode"
"1","929","false","929","SourceNode"
"1","939","false","939","SourceNode"
"1","190","false","190","SourceNode"
"1","191","false","191","SourceNode"
"1","189","false","189","SourceNode"
"1","938","false","938","SourceNode"
"1","936","false","936","SourceNode"
"1","937","false","937","SourceNode"
"1","188","false","188","SourceNode"
"1","935","false","935","SourceNode"
"1","186","false","186","SourceNode"
"1","187","false","187","SourceNode"
"1","944","false","944","SourceNode"
"1","196","false","196","SourceNode"
"1","943","false","943","SourceNode"
"1","194","false","194","SourceNode"
"1","195","false","195","SourceNode"
"1","193","false","193","SourceNode"
"1","942","false","942","SourceNode"
"1","940","false","940","SourceNode"
"1","941","false","941","SourceNode"
"1","192","false","192","SourceNode"
"1","905","false","905","SourceNode"
"1","156","false","156","SourceNode"
"1","157","false","157","SourceNode"
"1","904","false","904","SourceNode"
"3","902","false","902","SourceNode"
"1","903","false","903","SourceNode"
"1","154","false","154","SourceNode"
"1","901","false","901","SourceNode"
"1","152","false","152","SourceNode"
"1","153","false","153","SourceNode"
"1","910","false","910","SourceNode"
"1","911","false","911","SourceNode"
"1","162","false","162","SourceNode"
"1","160","false","160","SourceNode"
"1","161","false","161","SourceNode"
"1","159","false","159","SourceNode"
"1","908","false","908","SourceNode"
"1","906","false","906","SourceNode"
"1","907","false","907","SourceNode"
"1","158","false","158","SourceNode"
"1","168","false","168","SourceNode"
"1","916","false","916","SourceNode"
"1","915","false","915","SourceNode"
"1","167","false","167","SourceNode"
"1","913","false","913","SourceNode"
"1","165","false","165","SourceNode"
"1","166","false","166","SourceNode"
"1","164","false","164","SourceNode"
"1","912","false","912","SourceNode"
"1","921","false","921","SourceNode"
"1","175","false","175","SourceNode"
"1","173","false","173","SourceNode"
"1","918","false","918","SourceNode"
"1","919","false","919","SourceNode"
"1","172","false","172","SourceNode"
"8","917","false","917","SourceNode"
"1","169","false","169","SourceNode"
"1","170","false","170","SourceNode"
"1","225","false","225","SourceNode"
"1","226","false","226","SourceNode"
"1","224","false","224","SourceNode"
"1","972","false","972","SourceNode"
"1","970","false","970","SourceNode"
"1","971","false","971","SourceNode"
"1","223","false","223","SourceNode"
"1","969","false","969","SourceNode"
"1","221","false","221","SourceNode"
"1","222","false","222","SourceNode"
"1","978","false","978","SourceNode"
"1","979","false","979","SourceNode"
"1","234","false","234","SourceNode"
"1","977","false","977","SourceNode"
"1","232","false","232","SourceNode"
"1","233","false","233","SourceNode"
"1","228","false","228","SourceNode"
"1","976","false","976","SourceNode"
"1","974","false","974","SourceNode"
"1","975","false","975","SourceNode"
"1","227","false","227","SourceNode"
"1","239","false","239","SourceNode"
"1","982","false","982","SourceNode"
"2","983","false","983","SourceNode"
"1","238","false","238","SourceNode"
"1","981","false","981","SourceNode"
"1","236","false","236","SourceNode"
"1","237","false","237","SourceNode"
"1","235","false","235","SourceNode"
"3","980","false","980","SourceNode"
"1","989","false","989","SourceNode"
"1","244","false","244","SourceNode"
"2","245","false","245","SourceNode"
"1","243","false","243","SourceNode"
"1","988","false","988","SourceNode"
"1","986","false","986","SourceNode"
"1","987","false","987","SourceNode"
"12","242","false","242","SourceNode"
"1","985","false","985","SourceNode"
"1","240","false","240","SourceNode"
"1","241","false","241","SourceNode"
"1","201","false","201","SourceNode"
"1","950","false","950","SourceNode"
"1","948","false","948","SourceNode"
"1","949","false","949","SourceNode"
"1","200","false","200","SourceNode"
"7","947","false","947","SourceNode"
"1","198","false","198","SourceNode"
"1","199","false","199","SourceNode"
"1","197","false","197","SourceNode"
"1","946","false","946","SourceNode"
"2","957","false","957","SourceNode"
"1","207","false","207","SourceNode"
"1","206","false","206","SourceNode"
"1","956","false","956","SourceNode"
"6","952","false","952","SourceNode"
"11","953","false","953","SourceNode"
"1","205","false","205","SourceNode"
"3","951","false","951","SourceNode"
"1","203","false","203","SourceNode"
"1","204","false","204","SourceNode"
"1","962","false","962","SourceNode"
"1","963","false","963","SourceNode"
"1","213","false","213","SourceNode"
"2","961","false","961","SourceNode"
"1","211","false","211","SourceNode"
"1","212","false","212","SourceNode"
"1","210","false","210","SourceNode"
"1","960","false","960","SourceNode"
"2","958","false","958","SourceNode"
"1","959","false","959","SourceNode"
"1","209","false","209","SourceNode"
"1","220","false","220","SourceNode"
"1","968","false","968","SourceNode"
"1","966","false","966","SourceNode"
"10","967","false","967","SourceNode"
"1","219","false","219","SourceNode"
"1","965","false","965","SourceNode"
"2","215","false","215","SourceNode"
"1","216","false","216","SourceNode"
"1","214","false","214","SourceNode"
"1","964","false","964","SourceNode"
